time,weekday,hour,1/3 NLH tables,1/3 NLH wait,1/3/6 NLH tables,1/3/6 NLH wait,2/5/10 NLH tables,2/5/10 NLH wait,2/5 PLO tables,2/5 PLO wait,High Hand tables,High Hand wait
2026-06-08T22:38-07:00,Mon,22,3,12,1,10,0,7,1,12,0,12
2026-06-08T23:20-07:00,Mon,23,3,12,1,8,0,4,1,11,0,12
2026-06-09T01:49-07:00,Tue,1,2,6,1,2,0,4,1,2,0,12
2026-06-09T04:50-07:00,Tue,4,2,1,0,0,0,0,0,0,0,12
2026-06-09T06:30-07:00,Tue,6,1,0,0,0,0,0,0,0,0,12
2026-06-09T06:45-07:00,Tue,6,1,0,0,0,0,0,0,0,0,12
2026-06-09T06:46-07:00,Tue,6,1,0,0,0,0,0,0,0,0,12
2026-06-09T06:56-07:00,Tue,6,1,0,0,0,0,0,0,0,0,12
2026-06-09T07:06-07:00,Tue,7,0,0,0,0,0,0,0,0,0,12
2026-06-09T07:16-07:00,Tue,7,0,0,0,0,0,0,0,0,0,12
2026-06-09T07:26-07:00,Tue,7,0,3,0,1,0,0,0,1,0,12
2026-06-09T07:36-07:00,Tue,7,0,4,0,1,0,0,0,1,0,12
2026-06-09T07:46-07:00,Tue,7,0,5,0,1,0,0,0,1,0,12
2026-06-09T07:56-07:00,Tue,7,0,7,0,1,0,0,0,1,0,12
2026-06-09T08:06-07:00,Tue,8,0,7,0,1,0,0,0,1,0,12
2026-06-09T08:59-07:00,Tue,8,0,12,0,1,0,0,0,1,0,12
2026-06-09T09:09-07:00,Tue,9,0,13,0,1,0,0,0,1,0,12
2026-06-09T09:19-07:00,Tue,9,0,14,0,2,0,1,0,2,0,12
2026-06-09T09:29-07:00,Tue,9,1,6,0,2,0,1,0,2,0,12
2026-06-09T09:39-07:00,Tue,9,1,9,0,3,0,1,0,3,0,12
2026-06-09T09:49-07:00,Tue,9,1,9,0,3,0,1,0,3,0,12
2026-06-09T09:59-07:00,Tue,9,1,12,0,4,0,1,0,4,0,12
2026-06-09T10:09-07:00,Tue,10,1,13,0,5,0,0,0,7,0,12
2026-06-09T10:19-07:00,Tue,10,2,19,0,5,0,0,0,8,0,12
2026-06-09T10:29-07:00,Tue,10,2,14,0,5,0,0,0,8,0,12
2026-06-09T10:39-07:00,Tue,10,2,12,0,5,0,0,0,9,0,12
2026-06-09T10:49-07:00,Tue,10,2,11,0,5,0,0,0,9,0,12
2026-06-09T10:59-07:00,Tue,10,2,12,0,5,0,0,0,10,0,12
2026-06-09T11:09-07:00,Tue,11,2,11,0,3,0,0,0,9,0,12
2026-06-09T11:19-07:00,Tue,11,2,13,0,3,0,0,0,10,0,12
2026-06-09T11:29-07:00,Tue,11,2,19,0,4,0,0,0,11,0,12
2026-06-09T11:39-07:00,Tue,11,2,18,0,3,0,0,0,9,0,12
2026-06-09T11:49-07:00,Tue,11,2,19,0,3,0,0,0,11,0,12
2026-06-09T12:00-07:00,Tue,12,2,17,0,3,0,0,0,11,0,12
2026-06-09T12:10-07:00,Tue,12,2,18,0,4,0,0,0,11,0,12
2026-06-09T12:20-07:00,Tue,12,3,11,0,4,0,0,0,10,0,12
2026-06-09T12:30-07:00,Tue,12,3,14,0,5,0,0,0,11,0,12
2026-06-09T12:40-07:00,Tue,12,3,16,0,5,0,0,0,11,0,12
2026-06-09T12:50-07:00,Tue,12,3,15,0,5,0,0,0,11,0,12
2026-06-09T13:00-07:00,Tue,13,3,13,0,5,0,0,1,5,0,12
2026-06-09T13:10-07:00,Tue,13,3,10,0,4,0,0,1,7,0,12
2026-06-09T13:20-07:00,Tue,13,3,10,0,4,0,0,1,5,0,12
2026-06-09T13:30-07:00,Tue,13,3,12,0,4,0,0,1,4,0,12
2026-06-09T13:40-07:00,Tue,13,4,21,0,7,0,0,1,8,0,12
2026-06-09T13:50-07:00,Tue,13,4,14,0,8,0,0,1,9,0,12
2026-06-09T14:00-07:00,Tue,14,4,15,0,8,0,0,1,10,0,12
2026-06-09T14:10-07:00,Tue,14,4,19,0,8,0,0,1,11,0,12
2026-06-09T14:20-07:00,Tue,14,4,21,0,9,0,0,1,12,0,12
2026-06-09T16:31-07:00,Tue,16,5,14,0,12,0,3,2,8,0,12
2026-06-09T16:41-07:00,Tue,16,5,14,0,9,0,2,2,7,0,12
2026-06-09T16:51-07:00,Tue,16,5,15,0,10,0,0,2,8,0,12
2026-06-09T17:01-07:00,Tue,17,5,15,0,11,0,0,2,9,0,12
2026-06-09T17:11-07:00,Tue,17,5,15,0,11,0,0,2,11,0,12
2026-06-09T17:21-07:00,Tue,17,5,16,0,12,0,1,2,13,0,12
2026-06-09T17:31-07:00,Tue,17,5,17,0,12,0,1,2,12,0,12
2026-06-09T17:41-07:00,Tue,17,5,16,0,11,0,1,2,11,0,12
2026-06-09T17:51-07:00,Tue,17,5,19,0,13,0,1,2,11,0,12
2026-06-09T18:01-07:00,Tue,18,5,15,1,14,0,1,2,9,0,12
2026-06-09T18:11-07:00,Tue,18,5,16,1,7,0,1,1,9,0,12
2026-06-09T18:21-07:00,Tue,18,5,11,1,6,0,1,1,9,0,12
2026-06-09T21:49-07:00,Tue,21,6,20,1,20,0,4,1,12,0,12
2026-06-09T21:59-07:00,Tue,21,6,17,2,16,0,3,1,12,0,12
2026-06-09T22:09-07:00,Tue,22,6,20,2,21,0,4,1,13,0,12
2026-06-09T22:19-07:00,Tue,22,6,12,2,4,0,4,1,11,0,12
2026-06-09T22:29-07:00,Tue,22,6,9,2,1,0,3,1,8,0,12
2026-06-09T22:39-07:00,Tue,22,6,11,2,3,0,2,1,10,0,12
2026-06-09T22:49-07:00,Tue,22,5,13,2,3,0,2,1,10,0,12
2026-06-09T22:59-07:00,Tue,22,5,11,2,3,0,2,1,8,0,12
2026-06-09T23:09-07:00,Tue,23,5,14,2,4,0,2,1,9,0,12
2026-06-09T23:19-07:00,Tue,23,5,12,2,4,0,2,1,10,0,12
2026-06-09T23:29-07:00,Tue,23,5,13,2,4,0,2,1,10,0,12
2026-06-09T23:39-07:00,Tue,23,5,11,2,4,0,2,1,8,0,12
2026-06-10T02:01-07:00,Wed,2,2,3,1,3,0,0,1,0,0,12
2026-06-10T02:11-07:00,Wed,2,2,4,1,4,0,0,1,1,0,12
2026-06-10T02:21-07:00,Wed,2,2,5,1,5,0,0,1,1,0,12
2026-06-10T02:31-07:00,Wed,2,2,5,1,5,0,0,1,1,0,12
2026-06-10T02:41-07:00,Wed,2,2,4,1,3,0,0,1,1,0,12
2026-06-10T02:51-07:00,Wed,2,2,2,1,3,0,0,1,1,0,12
2026-06-10T03:01-07:00,Wed,3,2,2,1,4,0,0,1,1,0,12
2026-06-10T03:11-07:00,Wed,3,2,2,1,4,0,0,1,1,0,12
2026-06-10T03:21-07:00,Wed,3,2,2,1,4,0,0,1,1,0,12
2026-06-10T03:31-07:00,Wed,3,1,2,1,4,0,0,1,1,0,12
2026-06-10T03:41-07:00,Wed,3,1,2,0,3,0,0,1,1,0,12
2026-06-10T03:51-07:00,Wed,3,1,1,0,2,0,0,1,0,0,12
2026-06-10T05:36-07:00,Wed,5,1,2,0,0,0,0,1,0,0,12
2026-06-10T05:46-07:00,Wed,5,1,1,0,0,0,0,0,0,0,12
2026-06-10T05:56-07:00,Wed,5,1,1,0,0,0,0,0,0,0,12
2026-06-10T06:06-07:00,Wed,6,1,1,0,0,0,0,0,0,0,12
2026-06-10T06:16-07:00,Wed,6,1,0,0,0,0,0,0,0,0,12
2026-06-10T06:26-07:00,Wed,6,1,0,0,0,0,0,0,0,0,12
2026-06-10T06:36-07:00,Wed,6,1,0,0,0,0,0,0,0,0,12
2026-06-10T06:46-07:00,Wed,6,1,0,0,0,0,0,0,0,0,12
2026-06-10T06:56-07:00,Wed,6,1,0,0,0,0,0,0,0,0,12
2026-06-10T07:06-07:00,Wed,7,1,1,0,0,0,0,0,0,0,12
2026-06-10T07:16-07:00,Wed,7,1,3,0,0,0,0,0,0,0,12
2026-06-10T07:26-07:00,Wed,7,1,5,0,0,0,0,0,0,0,12
2026-06-10T09:26-07:00,Wed,9,2,6,0,1,0,1,0,2,0,12
2026-06-10T09:36-07:00,Wed,9,2,7,0,1,0,1,0,2,0,12
2026-06-10T09:46-07:00,Wed,9,2,9,0,2,0,1,0,3,0,12
2026-06-10T09:56-07:00,Wed,9,2,10,0,2,0,1,0,3,0,12
2026-06-10T10:06-07:00,Wed,10,2,10,0,2,0,0,0,4,0,12
2026-06-10T10:16-07:00,Wed,10,2,12,0,2,0,0,0,4,0,12
2026-06-10T10:26-07:00,Wed,10,2,10,0,3,0,0,0,7,0,12
2026-06-10T10:36-07:00,Wed,10,2,12,0,3,0,0,0,7,0,12
2026-06-10T10:46-07:00,Wed,10,2,13,0,3,0,0,0,6,0,12
2026-06-10T10:56-07:00,Wed,10,2,16,0,3,0,0,0,6,0,12
2026-06-10T11:06-07:00,Wed,11,2,18,0,3,0,0,0,7,0,12
2026-06-10T11:16-07:00,Wed,11,2,18,0,2,0,0,0,6,0,12
2026-06-10T12:19-07:00,Wed,12,3,25,0,5,0,0,0,12,0,12
2026-06-10T12:29-07:00,Wed,12,3,27,0,5,0,0,0,11,0,12
2026-06-10T12:39-07:00,Wed,12,4,17,0,7,0,0,0,11,0,12
2026-06-10T12:49-07:00,Wed,12,4,20,0,8,0,0,0,11,0,12
2026-06-10T12:59-07:00,Wed,12,4,18,0,8,0,0,0,8,0,12
2026-06-10T13:09-07:00,Wed,13,4,20,0,9,0,0,0,8,0,12
2026-06-10T13:19-07:00,Wed,13,4,26,0,11,0,0,0,11,0,12
2026-06-10T13:29-07:00,Wed,13,4,22,0,9,0,0,1,5,0,12
2026-06-10T13:40-07:00,Wed,13,4,24,0,11,0,0,1,5,0,12
2026-06-10T13:50-07:00,Wed,13,4,23,0,11,0,0,1,7,0,12
2026-06-10T14:00-07:00,Wed,14,4,26,0,11,0,0,1,8,0,12
2026-06-10T14:10-07:00,Wed,14,4,28,0,11,0,0,1,8,0,12
2026-06-10T14:46-07:00,Wed,14,5,25,1,16,0,0,1,10,0,12
2026-06-10T14:56-07:00,Wed,14,5,17,1,4,0,0,1,9,0,12
2026-06-10T15:06-07:00,Wed,15,5,15,1,6,0,0,1,11,0,12
2026-06-10T15:16-07:00,Wed,15,5,12,1,5,0,0,1,11,0,12
2026-06-10T15:26-07:00,Wed,15,5,17,1,7,0,0,1,10,0,12
2026-06-10T15:36-07:00,Wed,15,5,16,1,9,0,1,1,11,0,12
2026-06-10T15:46-07:00,Wed,15,5,15,1,9,0,1,1,12,0,12
2026-06-10T15:56-07:00,Wed,15,5,15,1,10,0,1,1,13,0,12
2026-06-10T16:06-07:00,Wed,16,5,20,1,13,0,1,1,16,0,12
2026-06-10T16:16-07:00,Wed,16,5,21,1,13,0,1,1,18,0,12
2026-06-10T16:26-07:00,Wed,16,5,24,1,14,0,1,1,16,0,12
2026-06-10T16:36-07:00,Wed,16,5,25,1,12,0,1,1,17,0,12
2026-06-10T16:50-07:00,Wed,16,5,25,1,12,0,1,1,13,0,12
2026-06-10T17:00-07:00,Wed,17,5,24,1,13,0,1,1,12,0,12
2026-06-10T17:10-07:00,Wed,17,5,21,2,14,0,1,1,11,0,12
2026-06-10T17:20-07:00,Wed,17,5,17,2,6,0,2,1,9,0,12
2026-06-10T17:30-07:00,Wed,17,5,21,2,7,0,0,1,10,0,12
2026-06-10T17:40-07:00,Wed,17,5,23,2,8,0,0,1,10,0,12
2026-06-10T17:50-07:00,Wed,17,5,23,2,8,0,0,1,10,0,12
2026-06-10T18:00-07:00,Wed,18,5,24,2,10,0,0,1,11,0,12
2026-06-10T18:10-07:00,Wed,18,4,23,2,10,0,0,1,11,0,12
2026-06-10T18:20-07:00,Wed,18,5,13,2,7,0,0,1,11,0,12
2026-06-10T18:31-07:00,Wed,18,5,15,2,7,0,0,1,11,0,12
2026-06-10T18:41-07:00,Wed,18,5,15,2,7,0,0,1,11,0,12
2026-06-10T21:59-07:00,Wed,21,4,21,2,12,0,1,2,11,0,12
2026-06-10T22:09-07:00,Wed,22,5,22,1,16,0,1,2,10,0,12
2026-06-10T22:19-07:00,Wed,22,5,13,1,15,0,2,2,11,0,12
2026-06-10T22:29-07:00,Wed,22,5,11,1,11,0,2,2,11,0,12
2026-06-10T22:39-07:00,Wed,22,5,11,1,12,0,2,2,11,0,12
2026-06-10T22:49-07:00,Wed,22,5,14,1,11,0,2,2,11,0,12
2026-06-10T22:59-07:00,Wed,22,5,14,1,11,0,2,2,10,0,12
2026-06-10T23:09-07:00,Wed,23,5,13,1,8,0,2,2,10,0,12
2026-06-10T23:19-07:00,Wed,23,5,12,1,6,0,2,2,8,0,12
2026-06-10T23:29-07:00,Wed,23,5,13,1,7,0,2,2,8,0,12
2026-06-10T23:39-07:00,Wed,23,5,11,1,7,0,3,2,8,0,12
2026-06-10T23:49-07:00,Wed,23,5,11,1,6,0,3,2,7,0,12
2026-06-11T02:45-07:00,Thu,2,3,0,0,0,0,0,1,5,0,12
2026-06-11T02:55-07:00,Thu,2,3,0,0,0,0,0,1,6,0,12
2026-06-11T03:05-07:00,Thu,3,3,0,0,0,0,0,1,6,0,12
2026-06-11T03:15-07:00,Thu,3,3,0,0,0,0,0,1,6,0,12
2026-06-11T03:25-07:00,Thu,3,2,0,0,0,0,0,1,6,0,12
2026-06-11T03:35-07:00,Thu,3,2,0,0,0,0,0,1,6,0,12
2026-06-11T03:45-07:00,Thu,3,2,0,0,0,0,0,1,6,0,12
2026-06-11T03:55-07:00,Thu,3,2,0,0,0,0,0,1,6,0,12
2026-06-11T04:05-07:00,Thu,4,2,0,0,0,0,0,1,6,0,12
2026-06-11T04:15-07:00,Thu,4,2,0,0,0,0,0,1,6,0,12
2026-06-11T04:25-07:00,Thu,4,2,0,0,0,0,0,1,6,0,12
2026-06-11T04:35-07:00,Thu,4,2,0,0,0,0,0,1,6,0,12
2026-06-11T07:12-07:00,Thu,7,1,1,0,0,0,0,0,1,0,12
2026-06-11T07:22-07:00,Thu,7,1,4,0,0,0,0,0,1,0,12
2026-06-11T07:32-07:00,Thu,7,1,5,0,1,0,1,0,0,0,12
2026-06-11T07:42-07:00,Thu,7,1,6,0,2,0,1,0,0,0,12
2026-06-11T07:52-07:00,Thu,7,1,6,0,2,0,1,0,0,0,12
2026-06-11T08:02-07:00,Thu,8,1,7,0,2,0,1,0,0,0,12
2026-06-11T08:12-07:00,Thu,8,1,8,0,2,0,1,0,0,0,12
2026-06-11T08:22-07:00,Thu,8,1,11,0,2,0,1,0,0,0,12
2026-06-11T08:32-07:00,Thu,8,1,9,0,2,0,1,0,0,0,12
2026-06-11T08:42-07:00,Thu,8,1,11,0,2,0,1,0,0,0,12
2026-06-11T08:52-07:00,Thu,8,1,11,0,2,0,1,0,0,0,12
2026-06-11T09:02-07:00,Thu,9,1,12,0,2,0,1,0,1,0,12
2026-06-11T10:47-07:00,Thu,10,2,18,0,10,0,2,0,7,0,12
2026-06-11T10:58-07:00,Thu,10,3,15,0,11,0,2,0,8,0,12
2026-06-11T11:08-07:00,Thu,11,2,14,1,4,0,1,0,8,0,12
2026-06-11T11:18-07:00,Thu,11,2,15,1,4,0,2,0,9,0,12
2026-06-11T11:28-07:00,Thu,11,2,19,1,4,0,2,0,11,0,12
2026-06-11T11:38-07:00,Thu,11,2,18,1,4,0,2,0,10,0,12
2026-06-11T11:48-07:00,Thu,11,2,19,1,5,0,2,0,10,0,12
2026-06-11T11:58-07:00,Thu,11,2,20,1,5,0,2,0,10,0,12
2026-06-11T12:08-07:00,Thu,12,2,17,1,6,0,2,0,11,0,12
2026-06-11T12:18-07:00,Thu,12,3,10,1,7,0,2,0,9,0,12
2026-06-11T12:28-07:00,Thu,12,3,10,1,6,0,2,0,8,0,12
2026-06-11T12:38-07:00,Thu,12,3,11,1,6,0,2,0,7,0,12
2026-06-11T13:35-07:00,Thu,13,3,14,1,15,0,3,1,5,0,12
2026-06-11T13:45-07:00,Thu,13,3,16,1,14,0,3,1,7,0,12
2026-06-11T13:55-07:00,Thu,13,3,17,1,15,0,3,1,8,0,12
2026-06-11T14:05-07:00,Thu,14,3,18,1,11,0,3,1,9,0,12
2026-06-11T14:15-07:00,Thu,14,3,22,1,14,0,3,1,9,0,12
2026-06-11T14:25-07:00,Thu,14,3,22,1,12,0,2,1,7,0,12
2026-06-11T14:35-07:00,Thu,14,3,21,1,11,0,2,1,6,0,12
2026-06-11T14:46-07:00,Thu,14,4,15,1,6,0,2,1,4,0,12
2026-06-11T14:56-07:00,Thu,14,4,15,1,10,0,2,1,5,0,12
2026-06-11T15:06-07:00,Thu,15,4,19,1,11,0,2,1,4,0,12
2026-06-11T15:16-07:00,Thu,15,4,19,1,12,0,2,1,4,0,12
2026-06-11T15:26-07:00,Thu,15,4,19,1,13,0,2,1,4,0,12
2026-06-11T15:36-07:00,Thu,15,4,21,1,12,0,2,1,4,0,12
2026-06-11T15:46-07:00,Thu,15,5,21,1,12,0,2,1,6,0,12
2026-06-11T15:56-07:00,Thu,15,5,14,1,14,0,3,1,6,0,12
2026-06-11T16:06-07:00,Thu,16,5,16,1,16,0,3,1,7,0,12
2026-06-11T16:16-07:00,Thu,16,5,16,1,15,0,3,1,7,0,12
2026-06-11T16:26-07:00,Thu,16,5,20,1,16,0,4,1,10,0,12
2026-06-11T16:36-07:00,Thu,16,5,18,1,15,0,4,1,10,0,12
2026-06-11T16:46-07:00,Thu,16,5,19,1,17,0,5,1,11,0,12
2026-06-11T16:56-07:00,Thu,16,5,20,1,19,0,5,1,13,0,12
2026-06-11T17:06-07:00,Thu,17,5,22,1,19,0,5,1,11,0,12
2026-06-11T17:16-07:00,Thu,17,5,20,1,19,0,5,1,10,0,12
2026-06-11T17:26-07:00,Thu,17,5,22,1,18,0,5,1,11,0,12
2026-06-11T22:05-07:00,Thu,22,5,26,2,8,0,5,2,11,0,12
2026-06-11T22:15-07:00,Thu,22,6,18,2,6,0,5,2,13,0,12
2026-06-11T22:25-07:00,Thu,22,6,18,2,6,0,5,2,13,0,12
2026-06-11T22:35-07:00,Thu,22,6,17,2,6,0,5,2,11,0,12
2026-06-11T22:45-07:00,Thu,22,6,21,2,7,0,6,2,8,0,12
2026-06-11T22:55-07:00,Thu,22,6,17,2,8,0,6,2,8,0,12
2026-06-11T23:05-07:00,Thu,23,6,17,2,8,0,6,2,10,0,12
2026-06-11T23:15-07:00,Thu,23,6,13,2,3,0,6,2,10,0,12
2026-06-11T23:25-07:00,Thu,23,6,11,2,4,0,6,2,9,0,12
2026-06-11T23:35-07:00,Thu,23,6,9,1,3,0,6,2,10,0,12
2026-06-11T23:45-07:00,Thu,23,6,6,1,3,0,6,2,11,0,12
2026-06-11T23:55-07:00,Thu,23,6,6,1,3,0,6,2,10,0,12
2026-06-12T02:13-07:00,Fri,2,3,4,0,0,0,5,2,3,0,12
2026-06-12T02:23-07:00,Fri,2,2,4,0,0,0,5,2,3,0,12
2026-06-12T02:33-07:00,Fri,2,2,3,0,0,0,5,2,3,0,12
2026-06-12T02:43-07:00,Fri,2,2,5,0,0,0,5,2,3,0,12
2026-06-12T02:53-07:00,Fri,2,2,6,0,0,0,5,2,3,0,12
2026-06-12T03:03-07:00,Fri,3,2,5,0,0,0,5,2,2,0,12
2026-06-12T03:13-07:00,Fri,3,2,3,0,0,0,0,2,1,0,12
2026-06-12T03:23-07:00,Fri,3,2,1,0,0,0,0,2,1,0,12
2026-06-12T03:33-07:00,Fri,3,2,1,0,0,0,0,2,0,0,12
2026-06-12T03:43-07:00,Fri,3,2,1,0,0,0,0,2,0,0,12
2026-06-12T03:53-07:00,Fri,3,2,2,0,0,0,0,2,0,0,12
2026-06-12T04:03-07:00,Fri,4,2,2,0,0,0,0,2,0,0,12
2026-06-12T05:44-07:00,Fri,5,0,3,0,0,0,0,0,0,0,12
2026-06-12T05:54-07:00,Fri,5,0,3,0,0,0,0,0,0,0,12
2026-06-12T06:04-07:00,Fri,6,0,2,0,0,0,0,0,0,0,12
2026-06-12T06:14-07:00,Fri,6,0,2,0,0,0,0,0,0,0,12
2026-06-12T06:24-07:00,Fri,6,0,2,0,0,0,0,0,0,0,12
2026-06-12T06:34-07:00,Fri,6,0,3,0,0,0,0,0,0,0,12
2026-06-12T06:44-07:00,Fri,6,0,3,0,0,0,0,0,0,0,12
2026-06-12T06:54-07:00,Fri,6,0,3,0,0,0,0,0,0,0,12
2026-06-12T07:04-07:00,Fri,7,0,3,0,0,0,0,0,0,0,12
2026-06-12T07:14-07:00,Fri,7,0,4,0,0,0,0,0,0,0,12
2026-06-12T07:24-07:00,Fri,7,0,6,0,0,0,0,0,0,0,12
2026-06-12T07:34-07:00,Fri,7,0,7,0,1,0,1,0,0,0,12
2026-06-12T09:28-07:00,Fri,9,1,6,0,3,0,1,0,0,0,12
2026-06-12T09:38-07:00,Fri,9,1,8,0,3,0,1,0,0,0,12
2026-06-12T09:48-07:00,Fri,9,1,8,0,3,0,1,0,0,0,12
2026-06-12T09:52-07:00,Fri,9,1,8,0,3,0,1,0,0,0,12
2026-06-12T10:02-07:00,Fri,10,1,8,0,3,0,1,0,0,0,12
2026-06-12T10:12-07:00,Fri,10,1,8,0,3,0,1,0,0,0,12
2026-06-12T10:22-07:00,Fri,10,1,9,0,4,0,2,0,4,0,12
2026-06-12T10:32-07:00,Fri,10,1,12,0,4,0,2,0,4,0,12
2026-06-12T10:42-07:00,Fri,10,1,11,0,4,0,2,0,4,0,12
2026-06-12T11:52-07:00,Fri,11,2,15,0,9,0,3,0,5,0,12
2026-06-12T12:02-07:00,Fri,12,2,17,0,10,0,4,0,3,0,12
2026-06-12T12:12-07:00,Fri,12,2,22,0,10,0,4,0,3,0,12
2026-06-12T12:23-07:00,Fri,12,2,23,0,11,0,4,0,3,0,12
2026-06-12T12:33-07:00,Fri,12,3,29,0,13,0,5,0,4,0,12
2026-06-12T12:43-07:00,Fri,12,3,25,0,16,0,7,0,5,0,12
2026-06-12T13:53-07:00,Fri,13,3,32,1,16,0,15,0,14,0,12
2026-06-12T14:03-07:00,Fri,14,3,38,1,16,0,15,1,15,0,12
2026-06-12T14:13-07:00,Fri,14,4,33,1,13,0,14,1,7,0,12
2026-06-12T14:23-07:00,Fri,14,4,26,1,14,0,15,1,7,0,12
2026-06-12T14:33-07:00,Fri,14,4,29,1,16,0,15,1,8,0,12
2026-06-12T14:43-07:00,Fri,14,4,30,1,16,0,15,1,7,0,12
2026-06-12T15:54-07:00,Fri,15,5,20,1,11,1,6,1,7,0,12
2026-06-12T16:04-07:00,Fri,16,5,21,1,11,1,7,1,7,0,12
2026-06-12T16:14-07:00,Fri,16,5,19,1,12,1,8,1,9,0,12
2026-06-12T16:24-07:00,Fri,16,5,23,1,12,1,8,1,10,0,12
2026-06-12T16:34-07:00,Fri,16,6,19,1,15,1,10,1,12,0,12
2026-06-12T16:44-07:00,Fri,16,6,21,1,16,1,11,1,11,0,12
2026-06-12T17:55-07:00,Fri,17,6,34,2,12,1,13,2,14,0,12
2026-06-12T18:05-07:00,Fri,18,7,33,2,10,1,12,2,8,0,12
2026-06-12T18:15-07:00,Fri,18,7,24,2,10,1,14,2,11,0,12
2026-06-12T18:25-07:00,Fri,18,7,26,2,9,1,15,2,9,0,12
2026-06-12T18:35-07:00,Fri,18,7,26,2,10,1,15,2,9,0,12
2026-06-12T18:45-07:00,Fri,18,7,29,2,13,1,14,2,9,0,12
2026-06-12T19:55-07:00,Fri,19,7,38,2,18,1,18,2,11,0,12
2026-06-12T20:05-07:00,Fri,20,8,42,2,17,1,18,2,12,0,12
2026-06-12T20:15-07:00,Fri,20,8,34,2,19,1,21,2,11,0,12
2026-06-12T20:25-07:00,Fri,20,8,33,2,17,1,21,2,11,0,12
2026-06-12T20:35-07:00,Fri,20,8,39,2,16,1,18,2,12,0,12
2026-06-12T20:45-07:00,Fri,20,8,40,2,16,1,19,2,12,0,12
2026-06-12T21:56-07:00,Fri,21,8,37,2,17,2,19,1,16,0,12
2026-06-12T22:06-07:00,Fri,22,9,34,2,16,2,8,1,16,0,12
2026-06-12T22:16-07:00,Fri,22,9,23,2,17,2,8,1,15,0,12
2026-06-12T22:26-07:00,Fri,22,9,27,2,16,2,8,1,9,0,12
2026-06-12T22:36-07:00,Fri,22,9,24,2,14,2,10,1,9,0,12
2026-06-12T22:46-07:00,Fri,22,9,24,2,14,2,10,1,12,0,12
2026-06-12T23:57-07:00,Fri,23,8,25,2,9,2,7,1,12,0,12
2026-06-13T00:07-07:00,Sat,0,8,21,2,9,2,5,2,11,0,12
2026-06-13T00:17-07:00,Sat,0,8,27,2,10,2,5,2,3,0,12
2026-06-13T00:27-07:00,Sat,0,8,23,2,9,1,4,2,2,0,12
2026-06-13T00:37-07:00,Sat,0,8,16,2,6,1,5,2,4,0,12
2026-06-13T00:47-07:00,Sat,0,8,17,2,8,1,6,2,6,0,12
2026-06-13T01:57-07:00,Sat,1,8,6,1,6,1,2,2,7,0,12
2026-06-13T02:07-07:00,Sat,2,8,6,1,6,1,2,2,13,0,12
2026-06-13T02:17-07:00,Sat,2,7,6,1,7,1,2,1,12,0,12
2026-06-13T02:27-07:00,Sat,2,7,3,1,5,1,1,1,10,0,12
2026-06-13T02:38-07:00,Sat,2,6,4,1,4,1,1,1,13,0,12
2026-06-13T02:48-07:00,Sat,2,6,4,1,3,1,1,1,12,0,12
2026-06-13T03:58-07:00,Sat,3,4,2,0,0,1,2,1,5,0,12
2026-06-13T04:08-07:00,Sat,4,4,2,0,0,1,2,1,5,0,12
2026-06-13T04:18-07:00,Sat,4,4,3,0,0,1,1,1,5,0,12
2026-06-13T04:28-07:00,Sat,4,3,2,0,0,1,1,1,5,0,12
2026-06-13T04:38-07:00,Sat,4,3,1,0,0,1,1,1,4,0,12
2026-06-13T04:48-07:00,Sat,4,3,1,0,0,1,1,1,4,0,12
2026-06-13T05:59-07:00,Sat,5,2,1,0,0,1,0,1,0,0,12
2026-06-13T06:09-07:00,Sat,6,2,2,0,0,1,0,0,0,0,12
2026-06-13T06:19-07:00,Sat,6,2,2,0,0,1,0,0,0,0,12
2026-06-13T06:29-07:00,Sat,6,2,3,0,0,1,0,0,0,0,12
2026-06-13T06:39-07:00,Sat,6,2,2,0,0,1,0,0,0,0,12
2026-06-13T06:49-07:00,Sat,6,2,2,0,0,1,0,0,0,0,12
2026-06-13T07:59-07:00,Sat,7,2,2,0,0,1,1,0,0,0,12
2026-06-13T08:09-07:00,Sat,8,2,1,0,0,1,0,0,0,0,12
2026-06-13T08:19-07:00,Sat,8,2,1,0,0,1,0,0,0,0,12
2026-06-13T08:29-07:00,Sat,8,2,0,0,0,1,0,0,0,0,12
2026-06-13T08:40-07:00,Sat,8,2,0,0,0,1,0,0,0,0,12
2026-06-13T08:50-07:00,Sat,8,2,1,0,0,1,0,0,0,0,12
2026-06-13T10:00-07:00,Sat,10,1,5,0,1,1,1,0,1,0,12
2026-06-13T10:10-07:00,Sat,10,1,6,0,1,1,2,0,1,0,12
2026-06-13T10:20-07:00,Sat,10,1,6,0,2,1,2,0,1,0,12
2026-06-13T10:30-07:00,Sat,10,1,5,0,2,1,2,0,1,0,12
2026-06-13T10:40-07:00,Sat,10,1,5,0,2,1,2,0,1,0,12
2026-06-13T10:50-07:00,Sat,10,1,6,0,2,1,2,0,1,0,12
2026-06-13T12:01-07:00,Sat,12,2,7,0,3,1,0,0,2,0,12
2026-06-13T12:11-07:00,Sat,12,2,9,0,4,1,0,0,3,0,12
2026-06-13T12:21-07:00,Sat,12,2,10,0,4,1,0,0,3,0,12
2026-06-13T12:31-07:00,Sat,12,2,11,0,4,1,0,0,3,0,12
2026-06-13T12:41-07:00,Sat,12,2,9,0,3,1,0,0,3,0,12
2026-06-13T12:51-07:00,Sat,12,2,10,0,3,1,0,0,4,0,12
2026-06-13T14:01-07:00,Sat,14,2,20,0,9,0,1,0,9,0,12
2026-06-13T14:11-07:00,Sat,14,2,20,0,10,0,2,0,9,0,12
2026-06-13T14:21-07:00,Sat,14,2,23,0,11,0,2,0,9,0,12
2026-06-13T14:31-07:00,Sat,14,3,24,0,10,0,2,0,10,0,12
2026-06-13T14:41-07:00,Sat,14,3,20,0,12,0,4,0,13,0,12
2026-06-13T14:51-07:00,Sat,14,3,20,0,12,0,4,0,14,0,12
2026-06-13T15:02-07:00,Sat,15,3,23,0,12,0,5,0,14,0,12
2026-06-13T15:12-07:00,Sat,15,3,22,0,12,0,5,0,14,0,12
2026-06-13T15:22-07:00,Sat,15,3,23,0,13,0,5,1,16,0,12
2026-06-13T15:32-07:00,Sat,15,3,19,0,14,0,5,1,8,0,12
2026-06-13T15:42-07:00,Sat,15,3,18,0,15,0,5,1,7,0,12
2026-06-13T15:52-07:00,Sat,15,3,22,0,15,0,5,1,8,0,12
2026-06-13T17:02-07:00,Sat,17,4,19,1,15,0,10,1,3,0,12
2026-06-13T17:12-07:00,Sat,17,4,21,1,14,0,10,1,3,0,12
2026-06-13T17:23-07:00,Sat,17,4,19,1,12,0,10,1,4,0,12
2026-06-13T17:33-07:00,Sat,17,4,22,1,13,0,11,1,4,0,12
2026-06-13T17:43-07:00,Sat,17,4,23,1,13,0,12,1,4,0,12
2026-06-13T17:53-07:00,Sat,17,4,22,1,12,0,13,1,5,0,12
2026-06-13T19:03-07:00,Sat,19,4,29,2,16,0,12,1,8,0,12
2026-06-13T19:13-07:00,Sat,19,4,34,2,12,0,14,1,8,0,12
2026-06-13T19:23-07:00,Sat,19,4,35,2,13,0,16,1,10,0,12
2026-06-13T19:33-07:00,Sat,19,4,33,2,12,0,17,1,10,0,12
2026-06-13T19:43-07:00,Sat,19,4,36,2,12,0,17,1,10,0,12
2026-06-13T19:53-07:00,Sat,19,4,38,2,11,0,17,1,10,0,12
2026-06-13T21:04-07:00,Sat,21,6,35,2,9,1,9,1,7,0,12
2026-06-13T21:14-07:00,Sat,21,6,20,2,8,1,10,1,8,0,12
2026-06-13T21:24-07:00,Sat,21,7,27,2,8,1,10,1,9,0,12
2026-06-13T21:34-07:00,Sat,21,7,23,2,12,1,9,1,9,0,12
2026-06-13T21:44-07:00,Sat,21,8,30,1,11,1,9,1,10,0,12
2026-06-13T21:54-07:00,Sat,21,8,26,1,13,1,9,1,11,0,12
2026-06-13T23:04-07:00,Sat,23,8,35,1,21,1,22,0,20,0,12
2026-06-13T23:15-07:00,Sat,23,8,32,1,21,1,22,0,21,0,12
2026-06-13T23:25-07:00,Sat,23,8,31,1,22,1,22,0,20,0,12
2026-06-13T23:35-07:00,Sat,23,8,28,1,19,1,21,0,20,0,12
2026-06-13T23:45-07:00,Sat,23,8,27,1,19,1,21,0,21,0,12
2026-06-13T23:55-07:00,Sat,23,8,25,1,15,1,14,0,20,0,12
2026-06-14T00:05-07:00,Sun,0,8,25,1,13,1,13,0,22,0,12
2026-06-14T00:15-07:00,Sun,0,7,23,1,14,1,13,0,21,0,12
2026-06-14T00:25-07:00,Sun,0,7,23,1,14,1,13,0,23,0,12
2026-06-14T00:35-07:00,Sun,0,6,18,1,15,1,13,0,20,0,12
2026-06-14T00:45-07:00,Sun,0,6,17,1,15,1,12,0,19,0,12
2026-06-14T00:55-07:00,Sun,0,5,13,1,14,1,10,0,18,0,12
2026-06-14T02:06-07:00,Sun,2,4,2,1,2,1,2,0,5,0,12
2026-06-14T02:16-07:00,Sun,2,3,1,1,2,1,1,0,5,0,12
2026-06-14T02:26-07:00,Sun,2,3,1,1,2,1,1,0,5,0,12
2026-06-14T02:36-07:00,Sun,2,3,4,1,3,1,1,0,5,0,12
2026-06-14T02:46-07:00,Sun,2,3,5,1,3,1,1,0,5,0,12
2026-06-14T02:56-07:00,Sun,2,3,5,1,2,1,0,0,4,0,12
2026-06-14T04:06-07:00,Sun,4,3,1,0,0,1,1,0,0,0,12
2026-06-14T04:16-07:00,Sun,4,3,0,0,0,1,1,0,0,0,12
2026-06-14T04:26-07:00,Sun,4,3,1,0,0,1,1,0,0,0,12
2026-06-14T04:36-07:00,Sun,4,3,1,0,0,1,1,0,0,0,12
2026-06-14T04:46-07:00,Sun,4,3,3,0,0,1,1,0,0,0,12
2026-06-14T04:57-07:00,Sun,4,3,3,0,0,1,1,0,0,0,12
2026-06-14T06:07-07:00,Sun,6,2,3,0,0,1,0,0,0,0,12
2026-06-14T06:17-07:00,Sun,6,2,5,0,0,1,0,0,0,0,12
2026-06-14T06:27-07:00,Sun,6,2,5,0,0,1,0,0,0,0,12
2026-06-14T06:37-07:00,Sun,6,1,6,0,0,1,0,0,0,0,12
2026-06-14T06:47-07:00,Sun,6,1,6,0,0,1,0,0,0,0,12
2026-06-14T06:57-07:00,Sun,6,1,4,0,0,0,0,0,0,0,12
2026-06-14T08:08-07:00,Sun,8,1,2,0,0,0,0,0,0,0,12
2026-06-14T08:18-07:00,Sun,8,1,2,0,0,0,0,0,0,0,12
2026-06-14T08:28-07:00,Sun,8,1,2,0,0,0,0,0,0,0,12
2026-06-14T08:38-07:00,Sun,8,1,3,0,0,0,0,0,0,0,12
2026-06-14T08:48-07:00,Sun,8,1,3,0,0,0,0,0,0,0,12
2026-06-14T08:58-07:00,Sun,8,1,1,0,0,0,0,0,0,0,12
2026-06-14T10:08-07:00,Sun,10,1,5,0,2,0,1,0,1,0,12
2026-06-14T10:18-07:00,Sun,10,1,6,0,2,0,1,0,1,0,12
2026-06-14T10:28-07:00,Sun,10,1,9,0,4,0,1,0,1,0,12
2026-06-14T10:38-07:00,Sun,10,2,13,0,4,0,1,0,1,0,12
2026-06-14T10:49-07:00,Sun,10,2,19,0,5,0,1,0,3,0,12
2026-06-14T10:59-07:00,Sun,10,2,19,0,5,0,1,0,4,0,12
2026-06-14T12:09-07:00,Sun,12,2,17,0,5,0,1,0,7,0,12
2026-06-14T12:19-07:00,Sun,12,2,21,0,5,0,1,0,7,0,12
2026-06-14T12:29-07:00,Sun,12,3,18,0,7,0,1,0,9,0,12
2026-06-14T12:39-07:00,Sun,12,3,20,0,9,0,1,0,11,0,12
2026-06-14T12:49-07:00,Sun,12,3,17,0,9,0,1,1,11,0,12
2026-06-14T12:59-07:00,Sun,12,3,18,0,10,0,1,1,5,0,12
2026-06-14T14:10-07:00,Sun,14,3,23,0,11,0,2,1,6,0,12
2026-06-14T14:20-07:00,Sun,14,3,26,0,13,0,2,1,7,0,12
2026-06-14T14:30-07:00,Sun,14,3,22,0,12,0,1,1,6,0,12
2026-06-14T14:40-07:00,Sun,14,4,28,0,13,0,1,1,5,0,12
2026-06-14T14:50-07:00,Sun,14,4,23,0,15,0,1,1,6,0,12
2026-06-14T15:00-07:00,Sun,15,4,25,1,16,0,1,1,6,0,12
2026-06-14T16:10-07:00,Sun,16,5,26,1,11,0,3,1,8,0,12
2026-06-14T16:20-07:00,Sun,16,5,28,1,12,0,3,1,9,0,12
2026-06-14T16:30-07:00,Sun,16,5,30,1,12,0,3,1,9,0,12
2026-06-14T16:40-07:00,Sun,16,5,30,1,12,0,3,1,9,0,12
2026-06-14T16:50-07:00,Sun,16,5,33,1,13,0,3,1,9,0,12
2026-06-14T17:00-07:00,Sun,17,5,28,1,12,0,3,1,9,0,12
2026-06-14T18:11-07:00,Sun,18,5,12,2,9,0,5,1,8,0,12
2026-06-14T18:21-07:00,Sun,18,5,17,2,7,0,5,1,10,0,12
2026-06-14T18:31-07:00,Sun,18,5,20,2,7,0,5,1,13,0,12
2026-06-14T18:41-07:00,Sun,18,5,23,2,7,0,5,1,13,0,12
2026-06-14T18:51-07:00,Sun,18,5,26,2,9,0,6,1,14,0,12
2026-06-14T19:01-07:00,Sun,19,5,31,2,9,0,6,1,14,0,12
2026-06-14T19:11-07:00,Sun,19,5,24,2,9,0,6,1,13,0,12
2026-06-14T19:21-07:00,Sun,19,5,23,2,11,0,6,1,13,0,12
2026-06-14T19:31-07:00,Sun,19,5,20,2,10,0,6,1,11,0,12
2026-06-14T19:41-07:00,Sun,19,5,19,2,9,0,5,1,11,0,12
2026-06-14T19:51-07:00,Sun,19,5,18,2,7,0,4,1,11,0,12
2026-06-14T20:01-07:00,Sun,20,5,15,2,8,0,4,1,13,0,12
2026-06-14T21:12-07:00,Sun,21,5,16,2,19,0,5,2,8,0,12
2026-06-14T21:22-07:00,Sun,21,5,23,1,21,0,5,2,10,0,12
2026-06-14T21:32-07:00,Sun,21,6,15,1,22,0,5,2,8,0,12
2026-06-14T21:42-07:00,Sun,21,6,16,1,21,0,5,2,9,0,12
2026-06-14T21:52-07:00,Sun,21,6,15,1,16,0,5,2,8,0,12
2026-06-14T22:02-07:00,Sun,22,6,14,1,15,0,5,2,8,0,12
2026-06-14T23:13-07:00,Sun,23,5,9,1,10,0,6,2,7,0,12
2026-06-14T23:23-07:00,Sun,23,5,10,1,9,0,6,2,7,0,12
2026-06-14T23:33-07:00,Sun,23,5,10,1,9,0,6,1,8,0,12
2026-06-14T23:43-07:00,Sun,23,5,13,1,12,0,6,1,11,0,12
2026-06-14T23:53-07:00,Sun,23,5,10,1,12,0,6,1,12,0,12
2026-06-15T00:03-07:00,Mon,0,4,10,1,12,0,6,1,8,0,12
2026-06-15T01:14-07:00,Mon,1,3,3,1,4,0,5,0,3,0,12
2026-06-15T01:24-07:00,Mon,1,3,2,1,3,0,5,0,1,0,12
2026-06-15T01:34-07:00,Mon,1,3,2,1,2,0,0,0,1,0,12
2026-06-15T01:44-07:00,Mon,1,3,1,1,0,0,0,0,0,0,12
2026-06-15T01:54-07:00,Mon,1,3,0,1,0,0,0,0,0,0,12
2026-06-15T02:04-07:00,Mon,2,3,0,1,0,0,0,0,0,0,12
2026-06-15T03:14-07:00,Mon,3,1,3,1,1,0,0,0,0,0,12
2026-06-15T03:24-07:00,Mon,3,1,3,1,2,0,1,0,0,0,12
2026-06-15T03:34-07:00,Mon,3,1,4,1,2,0,1,0,0,0,12
2026-06-15T03:44-07:00,Mon,3,1,1,1,2,0,1,0,0,0,12
2026-06-15T03:54-07:00,Mon,3,1,0,1,2,0,1,0,0,0,12
2026-06-15T04:04-07:00,Mon,4,1,0,1,2,0,1,0,0,0,12
2026-06-15T05:15-07:00,Mon,5,1,1,0,0,0,0,0,0,0,12
2026-06-15T05:25-07:00,Mon,5,1,1,0,0,0,0,0,0,0,12
2026-06-15T05:35-07:00,Mon,5,1,1,0,0,0,0,0,0,0,12
2026-06-15T05:45-07:00,Mon,5,1,0,0,0,0,0,0,0,0,12
2026-06-15T05:55-07:00,Mon,5,1,0,0,0,0,0,0,0,0,12
2026-06-15T06:05-07:00,Mon,6,1,0,0,0,0,0,0,0,0,12
2026-06-15T07:16-07:00,Mon,7,1,0,0,0,0,0,0,0,0,12
2026-06-15T07:26-07:00,Mon,7,1,3,0,0,0,0,0,0,0,12
2026-06-15T07:36-07:00,Mon,7,1,3,0,0,0,0,0,0,0,12
2026-06-15T07:46-07:00,Mon,7,1,3,0,0,0,0,0,0,0,12
2026-06-15T07:56-07:00,Mon,7,1,5,0,0,0,0,0,0,0,12
2026-06-15T08:06-07:00,Mon,8,1,6,0,0,0,0,0,0,0,12
2026-06-15T09:15-07:00,Mon,9,1,14,0,2,0,0,0,2,0,12
2026-06-15T09:25-07:00,Mon,9,1,15,0,2,0,0,0,2,0,12
2026-06-15T09:35-07:00,Mon,9,2,9,0,2,0,0,0,2,0,12
2026-06-15T09:45-07:00,Mon,9,2,6,0,1,0,0,0,0,0,12
2026-06-15T09:55-07:00,Mon,9,2,6,0,1,0,0,0,0,0,12
2026-06-15T10:05-07:00,Mon,10,2,8,0,3,0,0,0,1,0,12
2026-06-15T11:16-07:00,Mon,11,2,16,0,6,0,1,0,4,0,12
2026-06-15T11:26-07:00,Mon,11,2,19,0,7,0,1,0,5,0,12
2026-06-15T11:36-07:00,Mon,11,2,20,0,7,0,1,0,5,0,12
2026-06-15T11:46-07:00,Mon,11,3,13,0,7,0,1,0,7,0,12
2026-06-15T11:56-07:00,Mon,11,3,13,0,6,0,1,0,7,0,12
2026-06-15T12:06-07:00,Mon,12,3,12,0,5,0,1,0,7,0,12
2026-06-15T13:17-07:00,Mon,13,3,15,0,5,0,1,0,9,0,12
2026-06-15T13:27-07:00,Mon,13,3,14,0,5,0,1,0,9,0,12
2026-06-15T13:37-07:00,Mon,13,3,15,0,6,0,1,0,9,0,12
2026-06-15T13:47-07:00,Mon,13,3,16,0,6,0,1,0,9,0,12
2026-06-15T13:57-07:00,Mon,13,4,18,0,8,0,1,0,9,0,12
2026-06-15T14:07-07:00,Mon,14,4,11,0,9,0,1,0,10,0,12
2026-06-15T15:18-07:00,Mon,15,4,18,0,12,0,2,1,11,0,12
2026-06-15T15:28-07:00,Mon,15,4,19,0,12,0,2,1,12,0,12
2026-06-15T15:38-07:00,Mon,15,4,19,0,13,0,3,1,12,0,12
2026-06-15T15:48-07:00,Mon,15,4,20,0,13,0,4,1,11,0,12
2026-06-15T15:58-07:00,Mon,15,4,14,0,12,0,3,1,11,0,12
2026-06-15T16:08-07:00,Mon,16,4,10,0,13,0,3,1,12,0,12
2026-06-15T17:18-07:00,Mon,17,3,10,1,3,0,4,1,13,0,12
2026-06-15T17:28-07:00,Mon,17,3,10,1,3,0,4,1,15,0,12
2026-06-15T17:38-07:00,Mon,17,3,11,1,3,0,4,1,15,0,12
2026-06-15T17:48-07:00,Mon,17,3,14,1,6,0,4,1,17,0,12
2026-06-15T17:59-07:00,Mon,17,3,13,1,6,0,4,1,14,0,12
2026-06-15T18:09-07:00,Mon,18,3,17,1,11,0,4,1,14,0,12
2026-06-15T19:19-07:00,Mon,19,3,17,1,8,0,6,2,9,0,12
2026-06-15T19:29-07:00,Mon,19,3,18,1,9,0,6,2,12,0,12
2026-06-15T19:39-07:00,Mon,19,3,17,1,8,0,6,2,12,0,12
2026-06-15T19:49-07:00,Mon,19,3,20,1,8,0,6,2,13,0,12
2026-06-15T19:59-07:00,Mon,19,3,20,1,11,0,8,2,15,0,12
2026-06-15T20:09-07:00,Mon,20,3,19,1,11,0,9,2,15,0,12
2026-06-15T21:20-07:00,Mon,21,4,18,1,5,0,9,2,11,0,12
2026-06-15T21:30-07:00,Mon,21,4,22,1,6,0,9,2,11,0,12
2026-06-16T08:26-07:00,Tue,8,1,11,0,1,0,1,0,1,0,12
